Title,Title_URL
Recreation Brochure,https://www.minnetonkamn.gov/our-city/recreation/recreation-brochure
Program Registration,https://www.minnetonkamn.gov/our-city/recreation/register-for-a-program
Aquatics,https://www.minnetonkamn.gov/our-city/recreation/aquatics
Youth Programs,https://www.minnetonkamn.gov/our-city/recreation/youth-sports
Adult Sports,https://www.minnetonkamn.gov/our-city/recreation/adult-sports
Senior Services,https://www.minnetonkamn.gov/our-city/recreation/senior-services
Recreation Facilities,https://www.minnetonkamn.gov/our-city/recreation/minnetonka-ice-arena
Special Events,https://www.minnetonkamn.gov/our-city/recreation/williston-fitness-center
Recreation Services Staff,https://www.minnetonkamn.gov/our-city/recreation/recreation-services-staff
